paper_id,topic_id
p_00001,t_ml_core
p_00002,t_cv
p_00003,t_ml_core
p_00004,t_hci
p_00005,t_sys
p_00006,t_deep
p_00007,t_dist
p_00008,t_ml_core
p_00009,t_theory
p_00010,t_cv
p_00011,t_nlp
p_00012,t_ml_core
p_00013,t_edtech
p_00014,t_hci
p_00015,t_sys
p_00016,t_dist
p_00017,t_sys
p_00018,t_vis
p_00019,t_ml_core
p_00020,t_ml_core
p_00021,t_prob_ml
p_00022,t_sys
p_00023,t_robot
p_00024,t_robot
p_00025,t_cv
p_00026,t_theory
p_00027,t_dist
p_00028,t_deep
p_00029,t_ml_core
p_00030,t_ml_core
p_00031,t_robot
p_00032,t_deep
p_00033,t_cv
p_00034,t_opt
p_00035,t_vis
p_00036,t_edtech
p_00037,t_sec
p_00038,t_prob_ml
p_00039,t_nlp
p_00040,t_dist
p_00041,t_sec
p_00042,t_crypto
p_00043,t_cv
p_00044,t_prob_ml
p_00045,t_arch
p_00046,t_cv
p_00047,t_sys
p_00048,t_dist
p_00049,t_sys
p_00050,t_opt
p_00051,t_deep
p_00052,t_theory
p_00053,t_sys
p_00054,t_sec
p_00055,t_ml_core
p_00056,t_sys
p_00057,t_dist
p_00058,t_cv
p_00059,t_ml_core
p_00060,t_crypto
p_00061,t_ml_core
p_00062,t_vis
p_00063,t_cv
p_00064,t_ml_core
p_00065,t_theory
p_00066,t_sys
p_00067,t_vis
p_00068,t_theory
p_00069,t_edtech
p_00070,t_edtech
p_00071,t_nlp
p_00072,t_edtech
p_00073,t_theory
p_00074,t_ml_core
p_00075,t_vis
p_00076,t_vis
p_00077,t_arch
p_00078,t_robot
p_00079,t_nlp
p_00080,t_hci
p_00081,t_cv
p_00082,t_cv
p_00083,t_arch
p_00084,t_opt
p_00085,t_sys
p_00086,t_prob_ml
p_00087,t_robot
p_00088,t_robot
p_00089,t_deep
p_00090,t_sys
p_00091,t_robot
p_00092,t_dist
p_00093,t_crypto
p_00094,t_cv
p_00095,t_cv
p_00096,t_vis
p_00097,t_vis
p_00098,t_ml_core
p_00099,t_dist
p_00100,t_cv
p_00101,t_ml_core
p_00102,t_prob_ml
p_00103,t_cv
p_00104,t_hci
p_00105,t_ml_core
p_00106,t_edtech
p_00107,t_crypto
p_00108,t_deep
p_00109,t_vis
p_00110,t_hci
p_00111,t_prob_ml
p_00112,t_opt
p_00113,t_edtech
p_00114,t_ml_core
p_00115,t_crypto
p_00116,t_prob_ml
p_00117,t_hci
p_00118,t_sys
p_00119,t_opt
p_00120,t_vis
p_00121,t_dist
p_00122,t_robot
p_00123,t_edtech
p_00124,t_ml_core
p_00125,t_sys
p_00126,t_vis
p_00127,t_sec
p_00128,t_opt
p_00129,t_dist
p_00130,t_deep
p_00131,t_theory
p_00132,t_crypto
p_00133,t_ml_core
p_00134,t_sys
p_00135,t_sys
p_00136,t_nlp
p_00137,t_theory
p_00138,t_dist
p_00139,t_sec
p_00140,t_sys
p_00141,t_opt
p_00142,t_deep
p_00143,t_ml_core
p_00144,t_ml_core
p_00145,t_ml_core
p_00146,t_arch
p_00147,t_crypto
p_00148,t_cv
p_00149,t_dist
p_00150,t_cv
p_00151,t_dist
p_00152,t_hci
p_00153,t_theory
p_00154,t_prob_ml
p_00155,t_cv
p_00156,t_nlp
p_00157,t_sec
p_00158,t_hci
p_00159,t_ml_core
p_00160,t_nlp
p_00161,t_ml_core
p_00162,t_sec
p_00163,t_sys
p_00164,t_theory
p_00165,t_ml_core
p_00166,t_prob_ml
p_00167,t_crypto
p_00168,t_robot
p_00169,t_arch
p_00170,t_cv
p_00171,t_prob_ml
p_00172,t_prob_ml
p_00173,t_ml_core
p_00174,t_opt
p_00175,t_ml_core
p_00176,t_opt
p_00177,t_cv
p_00178,t_opt
p_00179,t_cv
p_00180,t_cv
p_00181,t_robot
p_00182,t_sys
p_00183,t_hci
p_00184,t_hci
p_00185,t_vis
p_00186,t_sys
p_00187,t_crypto
p_00188,t_sys
p_00189,t_cv
p_00190,t_ml_core
p_00191,t_ml_core
p_00192,t_edtech
p_00193,t_crypto
p_00194,t_deep
p_00195,t_theory
p_00196,t_sys
p_00197,t_cv
p_00198,t_prob_ml
p_00199,t_cv
p_00200,t_ml_core
p_00201,t_sys
p_00202,t_ml_core
p_00203,t_nlp
p_00204,t_crypto
p_00205,t_prob_ml
p_00206,t_opt
p_00207,t_crypto
p_00208,t_hci
p_00209,t_dist
p_00210,t_crypto
p_00211,t_nlp
p_00212,t_sys
p_00213,t_ml_core
p_00214,t_robot
p_00215,t_crypto
p_00216,t_edtech
p_00217,t_arch
p_00218,t_cv
p_00219,t_theory
p_00220,t_opt
p_00221,t_nlp
p_00222,t_dist
p_00223,t_ml_core
p_00224,t_arch
p_00225,t_crypto
p_00226,t_cv
p_00227,t_opt
p_00228,t_hci
p_00229,t_nlp
p_00230,t_sys
p_00231,t_crypto
p_00232,t_ml_core
p_00233,t_ml_core
p_00234,t_robot
p_00235,t_robot
p_00236,t_dist
p_00237,t_opt
p_00238,t_ml_core
p_00239,t_edtech
p_00240,t_vis
p_00241,t_edtech
p_00242,t_theory
p_00243,t_cv
p_00244,t_cv
p_00245,t_deep
p_00246,t_ml_core
p_00247,t_vis
p_00248,t_opt
p_00249,t_sec
p_00250,t_arch
p_00251,t_ml_core
p_00252,t_arch
p_00253,t_dist
p_00254,t_ml_core
p_00255,t_ml_core
p_00256,t_cv
p_00257,t_hci
p_00258,t_ml_core
p_00259,t_edtech
p_00260,t_cv
p_00261,t_prob_ml
p_00262,t_ml_core
p_00263,t_opt
p_00264,t_sys
p_00265,t_edtech
p_00266,t_theory
p_00267,t_ml_core
p_00268,t_vis
p_00269,t_deep
p_00270,t_deep
p_00271,t_sys
p_00272,t_vis
p_00273,t_ml_core
p_00274,t_ml_core
p_00275,t_cv
p_00276,t_sys
p_00277,t_ml_core
p_00278,t_vis
p_00279,t_arch
p_00280,t_sys
p_00281,t_ml_core
p_00282,t_arch
p_00283,t_robot
p_00284,t_cv
p_00285,t_edtech
p_00286,t_sys
p_00287,t_edtech
p_00288,t_arch
p_00289,t_edtech
p_00290,t_sec
p_00291,t_cv
p_00292,t_sys
p_00293,t_hci
p_00294,t_theory
p_00295,t_edtech
p_00296,t_nlp
p_00297,t_ml_core
p_00298,t_nlp
p_00299,t_sys
p_00300,t_ml_core
p_00301,t_sys
p_00302,t_robot
p_00303,t_theory
p_00304,t_opt
p_00305,t_arch
p_00306,t_ml_core
p_00307,t_nlp
p_00308,t_cv
p_00309,t_robot
p_00310,t_prob_ml
p_00311,t_sec
p_00312,t_hci
p_00313,t_ml_core
p_00314,t_cv
p_00315,t_sys
p_00316,t_dist
p_00317,t_nlp
p_00318,t_ml_core
p_00319,t_sys
p_00320,t_opt
p_00321,t_sys
p_00322,t_vis
p_00323,t_ml_core
p_00324,t_arch
p_00325,t_dist
p_00326,t_hci
p_00327,t_nlp
p_00328,t_ml_core
p_00329,t_robot
p_00330,t_ml_core
p_00331,t_ml_core
p_00332,t_sys
p_00333,t_dist
p_00334,t_robot
p_00335,t_ml_core
p_00336,t_deep
p_00337,t_deep
p_00338,t_sys
p_00339,t_theory
p_00340,t_sys
p_00341,t_prob_ml
p_00342,t_vis
p_00343,t_sys
p_00344,t_robot
p_00345,t_opt
p_00346,t_edtech
p_00347,t_hci
p_00348,t_dist
p_00349,t_ml_core
p_00350,t_vis
p_00351,t_arch
p_00352,t_edtech
p_00353,t_vis
p_00354,t_ml_core
p_00355,t_deep
p_00356,t_prob_ml
p_00357,t_robot
p_00358,t_deep
p_00359,t_ml_core
p_00360,t_sys
p_00361,t_hci
p_00362,t_opt
p_00363,t_arch
p_00364,t_vis
p_00365,t_deep
p_00366,t_nlp
p_00367,t_dist
p_00368,t_ml_core
p_00369,t_ml_core
p_00370,t_edtech
p_00371,t_ml_core
p_00372,t_ml_core
p_00373,t_cv
p_00374,t_edtech
p_00375,t_ml_core
p_00376,t_dist
p_00377,t_sec
p_00378,t_arch
p_00379,t_robot
p_00380,t_dist
p_00381,t_sys
p_00382,t_deep
p_00383,t_robot
p_00384,t_sec
p_00385,t_ml_core
p_00386,t_ml_core
p_00387,t_nlp
p_00388,t_edtech
p_00389,t_hci
p_00390,t_crypto
p_00391,t_opt
p_00392,t_ml_core
p_00393,t_ml_core
p_00394,t_ml_core
p_00395,t_sec
p_00396,t_crypto
p_00397,t_prob_ml
p_00398,t_vis
p_00399,t_sys
p_00400,t_robot
p_00401,t_deep
p_00402,t_sys
p_00403,t_dist
p_00404,t_dist
p_00405,t_theory
p_00406,t_ml_core
p_00407,t_opt
p_00408,t_theory
p_00409,t_crypto
p_00410,t_deep
p_00411,t_crypto
p_00412,t_ml_core
p_00413,t_edtech
p_00414,t_ml_core
p_00415,t_theory
p_00416,t_ml_core
p_00417,t_ml_core
p_00418,t_prob_ml
p_00419,t_theory
p_00420,t_arch
p_00421,t_vis
p_00422,t_nlp
p_00423,t_ml_core
p_00424,t_sys
p_00425,t_nlp
p_00426,t_dist
p_00427,t_arch
p_00428,t_nlp
p_00429,t_sys
p_00430,t_sys
p_00431,t_robot
p_00432,t_ml_core
p_00433,t_vis
p_00434,t_ml_core
p_00435,t_theory
p_00436,t_hci
p_00437,t_edtech
p_00438,t_deep
p_00439,t_prob_ml
p_00440,t_prob_ml
p_00441,t_vis
p_00442,t_edtech
p_00443,t_opt
p_00444,t_arch
p_00445,t_robot
p_00446,t_opt
p_00447,t_prob_ml
p_00448,t_dist
p_00449,t_sec
p_00450,t_hci
p_00451,t_sys
p_00452,t_sys
p_00453,t_vis
p_00454,t_sec
p_00455,t_hci
p_00456,t_ml_core
p_00457,t_vis
p_00458,t_ml_core
p_00459,t_ml_core
p_00460,t_deep
p_00461,t_hci
p_00462,t_theory
p_00463,t_ml_core
p_00464,t_deep
p_00465,t_ml_core
p_00466,t_deep
p_00467,t_ml_core
p_00468,t_sys
p_00469,t_dist
p_00470,t_ml_core
p_00471,t_theory
p_00472,t_robot
p_00473,t_robot
p_00474,t_robot
p_00475,t_sys
p_00476,t_deep
p_00477,t_hci
p_00478,t_arch
p_00479,t_arch
p_00480,t_cv
p_00481,t_deep
p_00482,t_dist
p_00483,t_robot
p_00484,t_hci
p_00485,t_sys
p_00486,t_edtech
p_00487,t_sec
p_00488,t_cv
p_00489,t_deep
p_00490,t_ml_core
p_00491,t_nlp
p_00492,t_edtech
p_00493,t_cv
p_00494,t_prob_ml
p_00495,t_ml_core
p_00496,t_edtech
p_00497,t_ml_core
p_00498,t_prob_ml
p_00499,t_cv
p_00500,t_sys
p_00501,t_sys
p_00502,t_arch
p_00503,t_ml_core
p_00504,t_arch
p_00505,t_vis
p_00506,t_hci
p_00507,t_ml_core
p_00508,t_crypto
p_00509,t_prob_ml
p_00510,t_opt
p_00511,t_edtech
p_00512,t_sec
p_00513,t_opt
p_00514,t_ml_core
p_00515,t_hci
p_00516,t_ml_core
p_00517,t_ml_core
p_00518,t_sys
p_00519,t_sec
p_00520,t_sec
p_00521,t_cv
p_00522,t_edtech
p_00523,t_crypto
p_00524,t_vis
p_00525,t_hci
p_00526,t_opt
p_00527,t_sys
p_00528,t_vis
p_00529,t_crypto
p_00530,t_cv
p_00531,t_ml_core
p_00532,t_sec
p_00533,t_nlp
p_00534,t_opt
p_00535,t_sys
p_00536,t_ml_core
p_00537,t_sys
p_00538,t_edtech
p_00539,t_robot
p_00540,t_dist
p_00541,t_prob_ml
p_00542,t_sys
p_00543,t_nlp
p_00544,t_prob_ml
p_00545,t_edtech
p_00546,t_nlp
p_00547,t_ml_core
p_00548,t_nlp
p_00549,t_prob_ml
p_00550,t_nlp
p_00551,t_vis
p_00552,t_opt
p_00553,t_crypto
p_00554,t_prob_ml
p_00555,t_sec
p_00556,t_robot
p_00557,t_crypto
p_00558,t_nlp
p_00559,t_hci
p_00560,t_opt
p_00561,t_opt
p_00562,t_arch
p_00563,t_sec
p_00564,t_vis
p_00565,t_robot
p_00566,t_ml_core
p_00567,t_ml_core
p_00568,t_nlp
p_00569,t_sys
p_00570,t_theory
p_00571,t_ml_core
p_00572,t_edtech
p_00573,t_opt
p_00574,t_vis
p_00575,t_hci
p_00576,t_crypto
p_00577,t_vis
p_00578,t_theory
p_00579,t_ml_core
p_00580,t_cv
p_00581,t_sec
p_00582,t_theory
p_00583,t_opt
p_00584,t_prob_ml
p_00585,t_dist
p_00586,t_deep
p_00587,t_edtech
p_00588,t_opt
p_00589,t_cv
p_00590,t_edtech
p_00591,t_sys
p_00592,t_crypto
p_00593,t_edtech
p_00594,t_hci
p_00595,t_ml_core
p_00596,t_cv
p_00597,t_edtech
p_00598,t_ml_core
p_00599,t_sys
p_00600,t_deep
p_00601,t_opt
p_00602,t_nlp
p_00603,t_nlp
p_00604,t_vis
p_00605,t_opt
p_00606,t_sys
p_00607,t_hci
p_00608,t_crypto
p_00609,t_ml_core
p_00610,t_nlp
p_00611,t_vis
p_00612,t_ml_core
p_00613,t_arch
p_00614,t_ml_core
p_00615,t_sys
p_00616,t_prob_ml
p_00617,t_arch
p_00618,t_ml_core
p_00619,t_vis
p_00620,t_nlp
p_00621,t_sys
p_00622,t_opt
p_00623,t_ml_core
p_00624,t_robot
p_00625,t_edtech
p_00626,t_arch
p_00627,t_ml_core
p_00628,t_hci
p_00629,t_hci
p_00630,t_sec
p_00631,t_deep
p_00632,t_nlp
p_00633,t_hci
p_00634,t_sys
p_00635,t_vis
p_00636,t_edtech
p_00637,t_dist
p_00638,t_hci
p_00639,t_hci
p_00640,t_sys
p_00641,t_ml_core
p_00642,t_vis
p_00643,t_ml_core
p_00644,t_ml_core
p_00645,t_cv
p_00646,t_crypto
p_00647,t_sec
p_00648,t_crypto
p_00649,t_theory
p_00650,t_ml_core
p_00651,t_opt
p_00652,t_ml_core
p_00653,t_cv
p_00654,t_nlp
p_00655,t_robot
p_00656,t_opt
p_00657,t_opt
p_00658,t_nlp
p_00659,t_deep
p_00660,t_hci
p_00661,t_prob_ml
p_00662,t_prob_ml
p_00663,t_robot
p_00664,t_ml_core
p_00665,t_nlp
p_00666,t_ml_core
p_00667,t_dist
p_00668,t_sys
p_00669,t_opt
p_00670,t_ml_core
p_00671,t_vis
p_00672,t_deep
p_00673,t_nlp
p_00674,t_deep
p_00675,t_sys
p_00676,t_ml_core
p_00677,t_sys
p_00678,t_opt
p_00679,t_edtech
p_00680,t_robot
p_00681,t_arch
p_00682,t_theory
p_00683,t_hci
p_00684,t_prob_ml
p_00685,t_crypto
p_00686,t_sys
p_00687,t_dist
p_00688,t_sec
p_00689,t_ml_core
p_00690,t_dist
p_00691,t_opt
p_00692,t_sys
p_00693,t_sys
p_00694,t_deep
p_00695,t_nlp
p_00696,t_sys
p_00697,t_hci
p_00698,t_vis
p_00699,t_sys
p_00700,t_sys
p_00701,t_deep
p_00702,t_ml_core
p_00703,t_opt
p_00704,t_sec
p_00705,t_sec
p_00706,t_sys
p_00707,t_nlp
p_00708,t_dist
p_00709,t_nlp
p_00710,t_edtech
p_00711,t_cv
p_00712,t_vis
p_00713,t_arch
p_00714,t_nlp
p_00715,t_hci
p_00716,t_robot
p_00717,t_sec
p_00718,t_deep
p_00719,t_ml_core
p_00720,t_sec
p_00721,t_ml_core
p_00722,t_opt
p_00723,t_hci
p_00724,t_deep
p_00725,t_nlp
p_00726,t_sec
p_00727,t_theory
p_00728,t_vis
p_00729,t_sys
p_00730,t_sec
p_00731,t_deep
p_00732,t_crypto
p_00733,t_sys
p_00734,t_theory
p_00735,t_opt
p_00736,t_arch
p_00737,t_hci
p_00738,t_sys
p_00739,t_dist
p_00740,t_prob_ml
p_00741,t_theory
p_00742,t_cv
p_00743,t_nlp
p_00744,t_robot
p_00745,t_cv
p_00746,t_sys
p_00747,t_nlp
p_00748,t_prob_ml
p_00749,t_arch
p_00750,t_dist
p_00751,t_theory
p_00752,t_prob_ml
p_00753,t_ml_core
p_00754,t_cv
p_00755,t_vis
p_00756,t_robot
p_00757,t_prob_ml
p_00758,t_prob_ml
p_00759,t_cv
p_00760,t_theory
p_00761,t_ml_core
p_00762,t_sys
p_00763,t_ml_core
p_00764,t_ml_core
p_00765,t_crypto
p_00766,t_theory
p_00767,t_cv
p_00768,t_crypto
p_00769,t_cv
p_00770,t_vis
p_00771,t_crypto
p_00772,t_robot
p_00773,t_arch
p_00774,t_prob_ml
p_00775,t_ml_core
p_00776,t_ml_core
p_00777,t_robot
p_00778,t_hci
p_00779,t_arch
p_00780,t_edtech
p_00781,t_theory
p_00782,t_arch
p_00783,t_edtech
p_00784,t_hci
p_00785,t_ml_core
p_00786,t_sys
p_00787,t_crypto
p_00788,t_sys
p_00789,t_sys
p_00790,t_prob_ml
p_00791,t_theory
p_00792,t_prob_ml
p_00793,t_robot
p_00794,t_sec
p_00795,t_nlp
p_00796,t_nlp
p_00797,t_edtech
p_00798,t_vis
p_00799,t_sec
p_00800,t_opt
p_00801,t_ml_core
p_00802,t_theory
p_00803,t_sys
p_00804,t_cv
p_00805,t_dist
p_00806,t_sys
p_00807,t_sys
p_00808,t_edtech
p_00809,t_ml_core
p_00810,t_nlp
p_00811,t_sys
p_00812,t_deep
p_00813,t_sys
p_00814,t_crypto
p_00815,t_vis
p_00816,t_theory
p_00817,t_vis
p_00818,t_prob_ml
p_00819,t_hci
p_00820,t_arch
p_00821,t_opt
p_00822,t_cv
p_00823,t_cv
p_00824,t_ml_core
p_00825,t_ml_core
p_00826,t_crypto
p_00827,t_crypto
p_00828,t_deep
p_00829,t_sec
p_00830,t_nlp
p_00831,t_cv
p_00832,t_vis
p_00833,t_arch
p_00834,t_ml_core
p_00835,t_nlp
p_00836,t_vis
p_00837,t_nlp
p_00838,t_cv
p_00839,t_hci
p_00840,t_prob_ml
p_00841,t_vis
p_00842,t_hci
p_00843,t_dist
p_00844,t_theory
p_00845,t_robot
p_00846,t_nlp
p_00847,t_robot
p_00848,t_nlp
p_00849,t_ml_core
p_00850,t_ml_core
p_00851,t_cv
p_00852,t_sys
p_00853,t_hci
p_00854,t_prob_ml
p_00855,t_dist
p_00856,t_prob_ml
p_00857,t_cv
p_00858,t_ml_core
p_00859,t_arch
p_00860,t_robot
p_00861,t_nlp
p_00862,t_prob_ml
p_00863,t_edtech
p_00864,t_edtech
p_00865,t_sec
p_00866,t_opt
p_00867,t_robot
p_00868,t_robot
p_00869,t_nlp
p_00870,t_deep
p_00871,t_nlp
p_00872,t_cv
p_00873,t_arch
p_00874,t_nlp
p_00875,t_cv
p_00876,t_edtech
p_00877,t_arch
p_00878,t_ml_core
p_00879,t_nlp
p_00880,t_ml_core
p_00881,t_arch
p_00882,t_ml_core
p_00883,t_cv
p_00884,t_robot
p_00885,t_nlp
p_00886,t_ml_core
p_00887,t_arch
p_00888,t_dist
p_00889,t_nlp
p_00890,t_sys
p_00891,t_theory
p_00892,t_sys
p_00893,t_crypto
p_00894,t_ml_core
p_00895,t_robot
p_00896,t_ml_core
p_00897,t_deep
p_00898,t_deep
p_00899,t_ml_core
p_00900,t_sec
